-- MySQL Script generated by MySQL Workbench
-- Tue Feb 16 09:58:07 2021
-- Model: New Model    Version: 1.0
-- MySQL Workbench Forward Engineering

SET @OLD_UNIQUE_CHECKS=@@UNIQUE_CHECKS, UNIQUE_CHECKS=0;
SET @OLD_FOREIGN_KEY_CHECKS=@@FOREIGN_KEY_CHECKS, FOREIGN_KEY_CHECKS=0;
SET @OLD_SQL_MODE=@@SQL_MODE, SQL_MODE='ONLY_FULL_GROUP_BY,STRICT_TRANS_TABLES,NO_ZERO_IN_DATE,NO_ZERO_DATE,ERROR_FOR_DIVISION_BY_ZERO,NO_ENGINE_SUBSTITUTION';

-- -----------------------------------------------------
-- Schema mydb
-- -----------------------------------------------------
DROP SCHEMA IF EXISTS `mydb` ;

-- -----------------------------------------------------
-- Schema mydb
-- -----------------------------------------------------
CREATE SCHEMA IF NOT EXISTS `mydb` DEFAULT CHARACTER SET utf8mb4 COLLATE utf8mb4_unicode_520_ci ;
USE `mydb` ;

-- -----------------------------------------------------
-- Table `mydb`.`Dostepnosc`
-- -----------------------------------------------------
CREATE TABLE IF NOT EXISTS `mydb`.`Dostepnosc` (
  `nr_pokoju` INT NOT NULL,
  `dostepnosc` TINYINT NOT NULL,
  PRIMARY KEY (`nr_pokoju`))
ENGINE = InnoDB
DEFAULT CHARACTER SET = utf8mb4
COLLATE = utf8mb4_unicode_520_ci;


-- -----------------------------------------------------
-- Table `mydb`.`Platnosci`
-- -----------------------------------------------------
CREATE TABLE IF NOT EXISTS `mydb`.`Platnosci` (
  `id_rezerwacji` INT NOT NULL,
  `cena` DECIMAL NOT NULL,
  `czas_do_zaplaty` DATE NOT NULL,
  `zaplacone` VARCHAR(45) NOT NULL,
  PRIMARY KEY (`id_rezerwacji`))
ENGINE = InnoDB
DEFAULT CHARACTER SET = utf8mb4
COLLATE = utf8mb4_unicode_520_ci;


-- -----------------------------------------------------
-- Table `mydb`.`Rodzaje`
-- -----------------------------------------------------
CREATE TABLE IF NOT EXISTS `mydb`.`Rodzaje` (
  `nr_pokoju` INT NOT NULL,
  `rodzaj` VARCHAR(45) NOT NULL,
  `cena_za_pokój` INT NOT NULL,
  PRIMARY KEY (`nr_pokoju`))
ENGINE = InnoDB
DEFAULT CHARACTER SET = utf8mb4
COLLATE = utf8mb4_unicode_520_ci;


-- -----------------------------------------------------
-- Table `mydb`.`Pokoje`
-- -----------------------------------------------------
CREATE TABLE IF NOT EXISTS `mydb`.`Pokoje` (
  `nr_pokoju` INT NOT NULL,
  `ilosc_osob` INT NOT NULL,
  PRIMARY KEY (`nr_pokoju`),
  CONSTRAINT `fk_Pokoje_Dostepnosc1`
    FOREIGN KEY (`nr_pokoju`)
    REFERENCES `mydb`.`Dostepnosc` (`nr_pokoju`)
    ON DELETE NO ACTION
    ON UPDATE NO ACTION,
  CONSTRAINT `fk_Pokoje_Rodzaje1`
    FOREIGN KEY (`nr_pokoju`)
    REFERENCES `mydb`.`Rodzaje` (`nr_pokoju`)
    ON DELETE NO ACTION
    ON UPDATE NO ACTION)
ENGINE = InnoDB
DEFAULT CHARACTER SET = utf8mb4
COLLATE = utf8mb4_unicode_520_ci;


-- -----------------------------------------------------
-- Table `mydb`.`Dane_osobowe`
-- -----------------------------------------------------
CREATE TABLE IF NOT EXISTS `mydb`.`Dane_osobowe` (
  `id_osoby` INT NOT NULL,
  `pesel` VARCHAR(45) NOT NULL,
  `imie` VARCHAR(45) NOT NULL,
  `nazwisko` VARCHAR(45) NOT NULL,
  PRIMARY KEY (`id_osoby`))
ENGINE = InnoDB
DEFAULT CHARACTER SET = utf8mb4
COLLATE = utf8mb4_unicode_520_ci;


-- -----------------------------------------------------
-- Table `mydb`.`Rezerwacje`
-- -----------------------------------------------------
CREATE TABLE IF NOT EXISTS `mydb`.`Rezerwacje` (
  `nr_rezerwacji` INT NOT NULL,
  `id_osoby` INT NOT NULL,
  `nr_pokoju` INT NOT NULL,
  `poczatek` DATE NOT NULL,
  `koniec` DATE NOT NULL,
  PRIMARY KEY (`nr_rezerwacji`),
  INDEX `fk_Rezerwacje_Pokoje1_idx` (`nr_pokoju` ASC) VISIBLE,
  INDEX `fk_Rezerwacje_Platnosci1_idx` (`nr_rezerwacji` ASC) VISIBLE,
  CONSTRAINT `fk_Rezerwacje_Pokoje1`
    FOREIGN KEY (`nr_pokoju`)
    REFERENCES `mydb`.`Pokoje` (`nr_pokoju`)
    ON DELETE NO ACTION
    ON UPDATE NO ACTION,
  CONSTRAINT `fk_Rezerwacje_Platnosci1`
    FOREIGN KEY (`nr_rezerwacji`)
    REFERENCES `mydb`.`Platnosci` (`id_rezerwacji`)
    ON DELETE NO ACTION
    ON UPDATE NO ACTION,
  CONSTRAINT `fk_Rezerwacje_Dane_osobowe1`
    FOREIGN KEY (`id_osoby`)
    REFERENCES `mydb`.`Dane_osobowe` (`id_osoby`)
    ON DELETE NO ACTION
    ON UPDATE NO ACTION)
ENGINE = InnoDB
DEFAULT CHARACTER SET = utf8mb4
COLLATE = utf8mb4_unicode_520_ci;


SET SQL_MODE=@OLD_SQL_MODE;
SET FOREIGN_KEY_CHECKS=@OLD_FOREIGN_KEY_CHECKS;
SET UNIQUE_CHECKS=@OLD_UNIQUE_CHECKS;

-- -----------------------------------------------------
-- Data for table `mydb`.`Dostepnosc`
-- -----------------------------------------------------
START TRANSACTION;
USE `mydb`;
INSERT INTO `mydb`.`Dostepnosc` (`nr_pokoju`, `dostepnosc`) VALUES (101, 1);
INSERT INTO `mydb`.`Dostepnosc` (`nr_pokoju`, `dostepnosc`) VALUES (102, 1);
INSERT INTO `mydb`.`Dostepnosc` (`nr_pokoju`, `dostepnosc`) VALUES (103, 1);
INSERT INTO `mydb`.`Dostepnosc` (`nr_pokoju`, `dostepnosc`) VALUES (104, 0);
INSERT INTO `mydb`.`Dostepnosc` (`nr_pokoju`, `dostepnosc`) VALUES (105, 0);
INSERT INTO `mydb`.`Dostepnosc` (`nr_pokoju`, `dostepnosc`) VALUES (106, 0);
INSERT INTO `mydb`.`Dostepnosc` (`nr_pokoju`, `dostepnosc`) VALUES (201, 0);
INSERT INTO `mydb`.`Dostepnosc` (`nr_pokoju`, `dostepnosc`) VALUES (202, 0);
INSERT INTO `mydb`.`Dostepnosc` (`nr_pokoju`, `dostepnosc`) VALUES (203, 0);
INSERT INTO `mydb`.`Dostepnosc` (`nr_pokoju`, `dostepnosc`) VALUES (204, 0);
INSERT INTO `mydb`.`Dostepnosc` (`nr_pokoju`, `dostepnosc`) VALUES (205, 1);
INSERT INTO `mydb`.`Dostepnosc` (`nr_pokoju`, `dostepnosc`) VALUES (206, 1);

COMMIT;


-- -----------------------------------------------------
-- Data for table `mydb`.`Platnosci`
-- -----------------------------------------------------
START TRANSACTION;
USE `mydb`;
INSERT INTO `mydb`.`Platnosci` (`id_rezerwacji`, `cena`, `czas_do_zaplaty`, `zaplacone`) VALUES (0001, 1000, '2020-12-28', 'TAK');
INSERT INTO `mydb`.`Platnosci` (`id_rezerwacji`, `cena`, `czas_do_zaplaty`, `zaplacone`) VALUES (0002, 150, '2021-01-17', 'NIE');
INSERT INTO `mydb`.`Platnosci` (`id_rezerwacji`, `cena`, `czas_do_zaplaty`, `zaplacone`) VALUES (0003, 700, '2021-01-14', 'TAK');
INSERT INTO `mydb`.`Platnosci` (`id_rezerwacji`, `cena`, `czas_do_zaplaty`, `zaplacone`) VALUES (0004, 400, '2021-01-30', 'TAK');
INSERT INTO `mydb`.`Platnosci` (`id_rezerwacji`, `cena`, `czas_do_zaplaty`, `zaplacone`) VALUES (0005, 200, '2021-01-15', 'TAK');

COMMIT;


-- -----------------------------------------------------
-- Data for table `mydb`.`Rodzaje`
-- -----------------------------------------------------
START TRANSACTION;
USE `mydb`;
INSERT INTO `mydb`.`Rodzaje` (`nr_pokoju`, `rodzaj`, `cena_za_pokój`) VALUES (101, 'Standard', 50);
INSERT INTO `mydb`.`Rodzaje` (`nr_pokoju`, `rodzaj`, `cena_za_pokój`) VALUES (102, 'Standard', 50);
INSERT INTO `mydb`.`Rodzaje` (`nr_pokoju`, `rodzaj`, `cena_za_pokój`) VALUES (103, 'Standard', 50);
INSERT INTO `mydb`.`Rodzaje` (`nr_pokoju`, `rodzaj`, `cena_za_pokój`) VALUES (104, 'Lux', 100);
INSERT INTO `mydb`.`Rodzaje` (`nr_pokoju`, `rodzaj`, `cena_za_pokój`) VALUES (105, 'Standard', 50);
INSERT INTO `mydb`.`Rodzaje` (`nr_pokoju`, `rodzaj`, `cena_za_pokój`) VALUES (106, 'Standard', 50);
INSERT INTO `mydb`.`Rodzaje` (`nr_pokoju`, `rodzaj`, `cena_za_pokój`) VALUES (201, 'Lux', 100);
INSERT INTO `mydb`.`Rodzaje` (`nr_pokoju`, `rodzaj`, `cena_za_pokój`) VALUES (202, 'Standard', 50);
INSERT INTO `mydb`.`Rodzaje` (`nr_pokoju`, `rodzaj`, `cena_za_pokój`) VALUES (203, 'Standard', 50);
INSERT INTO `mydb`.`Rodzaje` (`nr_pokoju`, `rodzaj`, `cena_za_pokój`) VALUES (204, 'Lux', 100);
INSERT INTO `mydb`.`Rodzaje` (`nr_pokoju`, `rodzaj`, `cena_za_pokój`) VALUES (205, 'Standard', 50);
INSERT INTO `mydb`.`Rodzaje` (`nr_pokoju`, `rodzaj`, `cena_za_pokój`) VALUES (206, 'Standard', 50);

COMMIT;


-- -----------------------------------------------------
-- Data for table `mydb`.`Pokoje`
-- -----------------------------------------------------
START TRANSACTION;
USE `mydb`;
INSERT INTO `mydb`.`Pokoje` (`nr_pokoju`, `ilosc_osob`) VALUES (101, 1);
INSERT INTO `mydb`.`Pokoje` (`nr_pokoju`, `ilosc_osob`) VALUES (102, 2);
INSERT INTO `mydb`.`Pokoje` (`nr_pokoju`, `ilosc_osob`) VALUES (103, 2);
INSERT INTO `mydb`.`Pokoje` (`nr_pokoju`, `ilosc_osob`) VALUES (104, 2);
INSERT INTO `mydb`.`Pokoje` (`nr_pokoju`, `ilosc_osob`) VALUES (105, 3);
INSERT INTO `mydb`.`Pokoje` (`nr_pokoju`, `ilosc_osob`) VALUES (106, 3);
INSERT INTO `mydb`.`Pokoje` (`nr_pokoju`, `ilosc_osob`) VALUES (201, 2);
INSERT INTO `mydb`.`Pokoje` (`nr_pokoju`, `ilosc_osob`) VALUES (202, 2);
INSERT INTO `mydb`.`Pokoje` (`nr_pokoju`, `ilosc_osob`) VALUES (203, 2);
INSERT INTO `mydb`.`Pokoje` (`nr_pokoju`, `ilosc_osob`) VALUES (204, 2);
INSERT INTO `mydb`.`Pokoje` (`nr_pokoju`, `ilosc_osob`) VALUES (205, 2);
INSERT INTO `mydb`.`Pokoje` (`nr_pokoju`, `ilosc_osob`) VALUES (206, 1);

COMMIT;


-- -----------------------------------------------------
-- Data for table `mydb`.`Dane_osobowe`
-- -----------------------------------------------------
START TRANSACTION;
USE `mydb`;
INSERT INTO `mydb`.`Dane_osobowe` (`id_osoby`, `pesel`, `imie`, `nazwisko`) VALUES (1, '84040305271', 'Jan', 'Kowalski');
INSERT INTO `mydb`.`Dane_osobowe` (`id_osoby`, `pesel`, `imie`, `nazwisko`) VALUES (2, '72071318081', 'Dagmara', 'Tomaszewska');
INSERT INTO `mydb`.`Dane_osobowe` (`id_osoby`, `pesel`, `imie`, `nazwisko`) VALUES (3, '88050527209', 'Maryla', 'Rodowicz');
INSERT INTO `mydb`.`Dane_osobowe` (`id_osoby`, `pesel`, `imie`, `nazwisko`) VALUES (4, '87121205763', 'Anna', 'Jablonska');
INSERT INTO `mydb`.`Dane_osobowe` (`id_osoby`, `pesel`, `imie`, `nazwisko`) VALUES (5, '67072267441', 'Wiola', 'Jasinska');
INSERT INTO `mydb`.`Dane_osobowe` (`id_osoby`, `pesel`, `imie`, `nazwisko`) VALUES (6, '62092706881', 'Witold', 'Nowak');

COMMIT;


-- -----------------------------------------------------
-- Data for table `mydb`.`Rezerwacje`
-- -----------------------------------------------------
START TRANSACTION;
USE `mydb`;
INSERT INTO `mydb`.`Rezerwacje` (`nr_rezerwacji`, `id_osoby`, `nr_pokoju`, `poczatek`, `koniec`) VALUES (0001, 1, 102, '2020-12-28', '2021-01-07');
INSERT INTO `mydb`.`Rezerwacje` (`nr_rezerwacji`, `id_osoby`, `nr_pokoju`, `poczatek`, `koniec`) VALUES (0002, 2, 101, '2021-01-17', '2021-01-20');
INSERT INTO `mydb`.`Rezerwacje` (`nr_rezerwacji`, `id_osoby`, `nr_pokoju`, `poczatek`, `koniec`) VALUES (0003, 3, 205, '2021-01-14', '2021-01-21');
INSERT INTO `mydb`.`Rezerwacje` (`nr_rezerwacji`, `id_osoby`, `nr_pokoju`, `poczatek`, `koniec`) VALUES (0004, 4, 205, '2021-01-30', '2021-02-03');
INSERT INTO `mydb`.`Rezerwacje` (`nr_rezerwacji`, `id_osoby`, `nr_pokoju`, `poczatek`, `koniec`) VALUES (0005, 5, 103, '2021-01-15', '2021-01-17');

COMMIT;

